SYMBOL ,Tickers
SVLL,SVLL.NS
INDIANHUME,INDIANHUME.NS
SURAJLTD,SURAJLTD.NS
ESFL,ESFL.NS
VIVIDHA,VIVIDHA.NS
SECMARK,SECMARK.NS
ARIHANTCAP,ARIHANTCAP.NS
SABAR,SABAR.NS
AHLADA,AHLADA.NS
TANLA,TANLA.NS
SHAHALLOYS,SHAHALLOYS.NS
SUMMITSEC,SUMMITSEC.NS
GKWLIMITED,GKWLIMITED.NS
SOFTTECH,SOFTTECH.NS
HAVISHA,HAVISHA.NS
JAGRAN,JAGRAN.NS
SHREERAMA,SHREERAMA.NS
EIMCOELECO,EIMCOELECO.NS
MACPOWER,MACPOWER.NS
ORIANA,ORIANA.NS
JHS,JHS.NS
SARTELE,SARTELE.NS
VILAS,VILAS.NS
MAITREYA,MAITREYA.NS
SICALLOG,SICALLOG.NS
ALPEXSOLAR,ALPEXSOLAR.NS
UEL,UEL.NS
SJVN,SJVN.NS
63MOONS,63MOONS.NS
GUJGASLTD,GUJGASLTD.NS
BOHRAIND,BOHRAIND.NS
SIMBHALS,SIMBHALS.NS
YAARI,YAARI.NS
FILATFASH,FILATFASH.NS
HINDNATGLS,HINDNATGLS.NS
VISASTEEL,VISASTEEL.NS
ORIENTALTL,ORIENTALTL.NS
EUROTEXIND,EUROTEXIND.NS
AKANKSHA,AKANKSHA.NS
CEREBRAINT,CEREBRAINT.NS
UMESLTD,UMESLTD.NS
FMNL,FMNL.NS
VARDMNPOLY,VARDMNPOLY.NS
CLOUD,CLOUD.NS
GAYAPROJ,GAYAPROJ.NS
INFOMEDIA,INFOMEDIA.NS
BGLOBAL,BGLOBAL.NS
BCG,BCG.NS
PRITIKA,PRITIKA.NS
KRIDHANINF,KRIDHANINF.NS
NKIND,NKIND.NS
RBMINFRA,RBMINFRA.NS
DELAPLEX,DELAPLEX.NS
ENSER,ENSER.NS
SECURCRED,SECURCRED.NS
KALYANIFRG,KALYANIFRG.NS
DHARIWAL,DHARIWAL.NS
GAYAHWS,GAYAHWS.NS
SANCO,SANCO.NS
QUINTEGRA,QUINTEGRA.NS
KHANDSE,KHANDSE.NS
DJML,DJML.NS
RAILTEL,RAILTEL.NS
TROM,TROM.NS
FCONSUMER,FCONSUMER.NS
GOLDENTOBC,GOLDENTOBC.NS
SELMC,SELMC.NS
RILINFRA,RILINFRA.NS
BKMINDST,BKMINDST.NS
SINDHUTRAD,SINDHUTRAD.NS
GPTINFRA,GPTINFRA.NS
AMBICAAGAR,AMBICAAGAR.NS
JPOLYINVST,JPOLYINVST.NS
NEXTMEDIA,NEXTMEDIA.NS
NINSYS,NINSYS.NS
SOMATEX,SOMATEX.NS
NHPC,NHPC.NS
PATELENG,PATELENG.NS
ISHAN,ISHAN.NS
HIGREEN,HIGREEN.NS
SMARTLINK,SMARTLINK.NS
SAKUMA,SAKUMA.NS
IEL,IEL.NS
K2INFRA,K2INFRA.NS
MASON,MASON.NS
HILTON,HILTON.NS
DYNPRO,DYNPRO.NS
CINEVISTA,CINEVISTA.NS
JINDALPHOT,JINDALPHOT.NS
CALSOFT,CALSOFT.NS
HBSL,HBSL.NS
TVVISION,TVVISION.NS
LGBBROSLTD,LGBBROSLTD.NS
DAVANGERE,DAVANGERE.NS
SAMBHAAV,SAMBHAAV.NS
ACEINTEG,ACEINTEG.NS
SEMAC,SEMAC.NS
HOVS,HOVS.NS
COUNCODOS,COUNCODOS.NS
PLASTIBLEN,PLASTIBLEN.NS
MEDIASSIST,MEDIASSIST.NS
MSPL,MSPL.NS
XELPMOC,XELPMOC.NS
ZODIAC,ZODIAC.NS
BEDMUTHA,BEDMUTHA.NS
DRCSYSTEMS,DRCSYSTEMS.NS
SADBHAV,SADBHAV.NS
LANCORHOL,LANCORHOL.NS
VAISHALI,VAISHALI.NS
INNOVACAP,INNOVACAP.NS
ALICON,ALICON.NS
ALBERTDAVD,ALBERTDAVD.NS
RML,RML.NS
WEBELSOLAR,WEBELSOLAR.NS
ATULAUTO,ATULAUTO.NS
IITL,IITL.NS
VINNY-RE,VINNY-RE.NS
MICEL,MICEL.NS
ABDL,ABDL.NS
FOCUS,FOCUS.NS
GENCON,GENCON.NS
KATARIA,KATARIA.NS
MIRCELECTR,MIRCELECTR.NS
BEARDSELL,BEARDSELL.NS
NARMADA,NARMADA.NS
MANORG,MANORG.NS
NETWEB,NETWEB.NS
KILITCH,KILITCH.NS
TREJHARA,TREJHARA.NS
AVPINFRA,AVPINFRA.NS
SHYAMCENT,SHYAMCENT.NS
SNOWMAN,SNOWMAN.NS
CMNL,CMNL.NS
UNIENTER,UNIENTER.NS
SCHNEIDER,SCHNEIDER.NS
RPPL,RPPL.NS
TOUCHWOOD,TOUCHWOOD.NS
ATALREAL,ATALREAL.NS
NAHARCAP,NAHARCAP.NS
MINDACORP,MINDACORP.NS
VHLTD,VHLTD.NS
GVPTECH,GVPTECH.NS
NPST,NPST.NS
ELDEHSG,ELDEHSG.NS
AGROPHOS,AGROPHOS.NS
BURNPUR,BURNPUR.NS
ALMONDZ,ALMONDZ.NS
RAMASTEEL,RAMASTEEL.NS
TCLCONS,TCLCONS.NS
EFACTOR,EFACTOR.NS
SVPGLOB,SVPGLOB.NS
BHARATRAS,BHARATRAS.NS
IZMO,IZMO.NS
VISHNUINFR,VISHNUINFR.NS
GILLETTE,GILLETTE.NS
MADHAV,MADHAV.NS
AVG,AVG.NS
ROSSELLIND,ROSSELLIND.NS
WELINV,WELINV.NS
ATMASTCO,ATMASTCO.NS
HINDCOMPOS,HINDCOMPOS.NS
CSLFINANCE,CSLFINANCE.NS
GOLDIAM,GOLDIAM.NS
CHALET,CHALET.NS
NECCLTD,NECCLTD.NS
BIOCON,BIOCON.NS
DCXINDIA,DCXINDIA.NS
SANDUMA,SANDUMA.NS
BIOFILCHEM,BIOFILCHEM.NS
LOYALTEX,LOYALTEX.NS
SAIFL,SAIFL.NS
KARMAENG,KARMAENG.NS
SAH,SAH.NS
SPORTKING,SPORTKING.NS
HEXATRADEX,HEXATRADEX.NS
TRUST,TRUST.NS
AAKASH,AAKASH.NS
INTENTECH,INTENTECH.NS
AHL,AHL.NS
SHIVAMILLS,SHIVAMILLS.NS
PAR,PAR.NS
MODTHREAD,MODTHREAD.NS
INDOTHAI,INDOTHAI.NS
PDMJEPAPER,PDMJEPAPER.NS
WILLAMAGOR,WILLAMAGOR.NS
COFFEEDAY,COFFEEDAY.NS
PGEL,PGEL.NS
VERTOZ,VERTOZ.NS
AMDIND,AMDIND.NS
JALAN,JALAN.NS
GOACARBON,GOACARBON.NS
SIGIND,SIGIND.NS
ASAHISONG,ASAHISONG.NS
ORIENTBELL,ORIENTBELL.NS
SANGINITA,SANGINITA.NS
URBAN,URBAN.NS
ANLON,ANLON.NS
SATINDLTD,SATINDLTD.NS
CGCL,CGCL.NS
IVP,IVP.NS
GSS,GSS.NS
THYROCARE,THYROCARE.NS
VISESHINFO,VISESHINFO.NS
BAIDFIN,BAIDFIN.NS
SBC,SBC.NS
TARC,TARC.NS
SIL,SIL.NS
RADICO,RADICO.NS
BBOX,BBOX.NS
UNITECH,UNITECH.NS
CONCORDBIO,CONCORDBIO.NS
AARTECH,AARTECH.NS
JUNIPER,JUNIPER.NS
TPLPLASTEH,TPLPLASTEH.NS
DELTAMAGNT,DELTAMAGNT.NS
COMSYN,COMSYN.NS
CLSL,CLSL.NS
KOTHARIPRO,KOTHARIPRO.NS
INDSWFTLTD,INDSWFTLTD.NS
AHLEAST,AHLEAST.NS
AJOONI,AJOONI.NS
PANAMAPET,PANAMAPET.NS
SPMLINFRA,SPMLINFRA.NS
TBOTEK,TBOTEK.NS
GRINFRA,GRINFRA.NS
RELTD,RELTD.NS
JETAIRWAYS,JETAIRWAYS.NS
BLUECHIP,BLUECHIP.NS
RAJRILTD,RAJRILTD.NS
GUJRAFFIA,GUJRAFFIA.NS
CUPID,CUPID.NS
ORIENTTECH,ORIENTTECH.NS
NOVAAGRI,NOVAAGRI.NS
ARVINDFASN,ARVINDFASN.NS
TARACHAND,TARACHAND.NS
STANLEY,STANLEY.NS
IRISDOREME,IRISDOREME.NS
AKSHAR,AKSHAR.NS
MITCON,MITCON.NS
RAYMOND,RAYMOND.NS
GVKPIL,GVKPIL.NS
UNITEDPOLY,UNITEDPOLY.NS
PARACABLES,PARACABLES.NS
CMMIPL,CMMIPL.NS
NRAIL,NRAIL.NS
CENTURYTEX,CENTURYTEX.NS
KRITINUT,KRITINUT.NS
HOMEFIRST,HOMEFIRST.NS
ZENTEC,ZENTEC.NS
SHRIPISTON,SHRIPISTON.NS
TRF,TRF.NS
REGENCERAM,REGENCERAM.NS
DGCONTENT,DGCONTENT.NS
GODREJAGRO,GODREJAGRO.NS
SUPERSPIN,SUPERSPIN.NS
COSMOFIRST,COSMOFIRST.NS
UTTAMSUGAR,UTTAMSUGAR.NS
BALMLAWRIE,BALMLAWRIE.NS
HLVLTD,HLVLTD.NS
KEYFINSERV,KEYFINSERV.NS
BANARISUG,BANARISUG.NS
DODLA,DODLA.NS
UNIPARTS,UNIPARTS.NS
MCL,MCL.NS
KICL,KICL.NS
VINDHYATEL,VINDHYATEL.NS
ZIMLAB,ZIMLAB.NS
KRITI,KRITI.NS
ADSL,ADSL.NS
KHADIM,KHADIM.NS
HEMIPROP,HEMIPROP.NS
BVCL,BVCL.NS
MOS,MOS.NS
EMUDHRA,EMUDHRA.NS
HINDCON,HINDCON.NS
SASTASUNDR,SASTASUNDR.NS
SITINET,SITINET.NS
MCLEODRUSS,MCLEODRUSS.NS
DSSL,DSSL.NS
VTL,VTL.NS
NECLIFE,NECLIFE.NS
SADBHIN,SADBHIN.NS
VSTIND,VSTIND.NS
AAREYDRUGS,AAREYDRUGS.NS
MANUGRAPH,MANUGRAPH.NS
SARVESHWAR,SARVESHWAR.NS
LAL,LAL.NS
SAKSOFT,SAKSOFT.NS
ASMS,ASMS.NS
ARCHIES,ARCHIES.NS
IWEL,IWEL.NS
NBCC,NBCC.NS
YUKEN,YUKEN.NS
KSB,KSB.NS
TEJASNET,TEJASNET.NS
RPTECH,RPTECH.NS
SKYGOLD,SKYGOLD.NS
DHUNINV,DHUNINV.NS
ASHOKAMET,ASHOKAMET.NS
JAYNECOIND,JAYNECOIND.NS
TVSMOTOR,TVSMOTOR.NS
COMPINFO,COMPINFO.NS
DREAMFOLKS,DREAMFOLKS.NS
EIFFL,EIFFL.NS
MAHEPC,MAHEPC.NS
INDIGOPNTS,INDIGOPNTS.NS
SAGCEM,SAGCEM.NS
HMT,HMT.NS
KKCL,KKCL.NS
NGIL,NGIL.NS
TREEHOUSE,TREEHOUSE.NS
CANTABIL,CANTABIL.NS
LYKALABS,LYKALABS.NS
TUNWAL,TUNWAL.NS
VIJAYA,VIJAYA.NS
ABSLAMC,ABSLAMC.NS
APLLTD,APLLTD.NS
YATRA,YATRA.NS
GANDHAR,GANDHAR.NS
CORALFINAC,CORALFINAC.NS
SUBROS,SUBROS.NS
SYNCOMF,SYNCOMF.NS
SMSPHARMA,SMSPHARMA.NS
KOTHARIPET,KOTHARIPET.NS
M&M,M&M.NS
APTUS,APTUS.NS
MARALOVER,MARALOVER.NS
NAGREEKEXP,NAGREEKEXP.NS
RUBFILA,RUBFILA.NS
AURIONPRO,AURIONPRO.NS
RAMANEWS,RAMANEWS.NS
PRINCEPIPE,PRINCEPIPE.NS
CAPITALSFB,CAPITALSFB.NS
AEGISLOG,AEGISLOG.NS
HTMEDIA,HTMEDIA.NS
CEIGALL,CEIGALL.NS
INDOSTAR,INDOSTAR.NS
STERTOOLS,STERTOOLS.NS
RUSHIL,RUSHIL.NS
PVSL,PVSL.NS
AGIIL,AGIIL.NS
ARVSMART,ARVSMART.NS
FOODSIN,FOODSIN.NS
HIL,HIL.NS
KINGFA,KINGFA.NS
FOSECOIND,FOSECOIND.NS
FMGOETZE,FMGOETZE.NS
THEJO,THEJO.NS
GFLLIMITED,GFLLIMITED.NS
BUTTERFLY,BUTTERFLY.NS
SANGAMIND,SANGAMIND.NS
DHANBANK,DHANBANK.NS
IGPL,IGPL.NS
IDEALTECHO,IDEALTECHO.NS
BSHSL,BSHSL.NS
LANDMARK,LANDMARK.NS
CONSOFINVT,CONSOFINVT.NS
SATIA,SATIA.NS
TCNSBRANDS,TCNSBRANDS.NS
RRKABEL,RRKABEL.NS
PALASHSECU,PALASHSECU.NS
RISHABH,RISHABH.NS
COMPUSOFT,COMPUSOFT.NS
ALPA,ALPA.NS
SPCENET,SPCENET.NS
BCONCEPTS,BCONCEPTS.NS
UNIECOM,UNIECOM.NS
GENUSPOWER,GENUSPOWER.NS
ESSARSHPNG,ESSARSHPNG.NS
HEROMOTOCO,HEROMOTOCO.NS
ENIL,ENIL.NS
NILAINFRA,NILAINFRA.NS
ANNAPURNA,ANNAPURNA.NS
DUCON,DUCON.NS
CYBERTECH,CYBERTECH.NS
FEDERALBNK,FEDERALBNK.NS
BIRLACORPN,BIRLACORPN.NS
DBCORP,DBCORP.NS
FIEMIND,FIEMIND.NS
VSTTILLERS,VSTTILLERS.NS
BESTAGRO,BESTAGRO.NS
KRITIKA,KRITIKA.NS
GGBL,GGBL.NS
HINDPETRO,HINDPETRO.NS
KANANIIND,KANANIIND.NS
RELIGARE,RELIGARE.NS
MIEL,MIEL.NS
CRAFTSMAN,CRAFTSMAN.NS
BIGBLOC,BIGBLOC.NS
ISEC,ISEC.NS
BAJAJHLDNG,BAJAJHLDNG.NS
MUNJALAU,MUNJALAU.NS
3PLAND,3PLAND.NS
CENTENKA,CENTENKA.NS
INTERARCH,INTERARCH.NS
MANGLMCEM,MANGLMCEM.NS
AFFLE,AFFLE.NS
JKTYRE,JKTYRE.NS
GOYALSALT,GOYALSALT.NS
RATEGAIN,RATEGAIN.NS
ECLERX,ECLERX.NS
ANUP,ANUP.NS
KAMOPAINTS,KAMOPAINTS.NS
JINDRILL,JINDRILL.NS
RAJMET,RAJMET.NS
ORIENTCER,ORIENTCER.NS
HINDMOTORS,HINDMOTORS.NS
MAXIND,MAXIND.NS
ONEPOINT,ONEPOINT.NS
GILLANDERS,GILLANDERS.NS
DPSCLTD,DPSCLTD.NS
SULA,SULA.NS
SIGNPOST,SIGNPOST.NS
BEML,BEML.NS
TRITURBINE,TRITURBINE.NS
KCPSUGIND,KCPSUGIND.NS
DOLLEX,DOLLEX.NS
RGL,RGL.NS
DCMSRIND,DCMSRIND.NS
SUNDARAM,SUNDARAM.NS
NAHARSPING,NAHARSPING.NS
MVGJL,MVGJL.NS
INDIASHLTR,INDIASHLTR.NS
INDIGO,INDIGO.NS
MANKIND,MANKIND.NS
ARIES,ARIES.NS
SAPPHIRE,SAPPHIRE.NS
MOTILALOFS,MOTILALOFS.NS
SPENCERS,SPENCERS.NS
FLAIR,FLAIR.NS
STARHEALTH,STARHEALTH.NS
AKASH,AKASH.NS
ADL,ADL.NS
PILANIINVS,PILANIINVS.NS
NDL,NDL.NS
TEMBO,TEMBO.NS
SUNDARMHLD,SUNDARMHLD.NS
GALLANTT,GALLANTT.NS
TGBHOTELS,TGBHOTELS.NS
KRYSTAL,KRYSTAL.NS
LINDEINDIA,LINDEINDIA.NS
ASALCBR,ASALCBR.NS
SYRMA,SYRMA.NS
IOC,IOC.NS
BRIGADE,BRIGADE.NS
SIGMA,SIGMA.NS
FIBERWEB,FIBERWEB.NS
VRAJ,VRAJ.NS
BHARTIHEXA,BHARTIHEXA.NS
MRPL,MRPL.NS
VESUVIUS,VESUVIUS.NS
EXCEL,EXCEL.NS
LINC,LINC.NS
SUNTECK,SUNTECK.NS
NIRAJ,NIRAJ.NS
SHREEPUSHK,SHREEPUSHK.NS
CUB,CUB.NS
NDLVENTURE,NDLVENTURE.NS
GULFPETRO,GULFPETRO.NS
UTIAMC,UTIAMC.NS
ADORWELD,ADORWELD.NS
AARTISURF,AARTISURF.NS
GLOBAL,GLOBAL.NS
PNC,PNC.NS
INVENTURE,INVENTURE.NS
MMP,MMP.NS
GINNIFILA,GINNIFILA.NS
KUANTUM,KUANTUM.NS
MAHSEAMLES,MAHSEAMLES.NS
DPABHUSHAN,DPABHUSHAN.NS
BANARBEADS,BANARBEADS.NS
SHIVAMAUTO,SHIVAMAUTO.NS
ZFCVINDIA,ZFCVINDIA.NS
CREST,CREST.NS
UNOMINDA,UNOMINDA.NS
APOLLO,APOLLO.NS
TCPLPACK,TCPLPACK.NS
SUVIDHAA,SUVIDHAA.NS
KBCGLOBAL,KBCGLOBAL.NS
KANSAINER,KANSAINER.NS
FEL,FEL.NS
ROML,ROML.NS
INDNIPPON,INDNIPPON.NS
GOYALALUM,GOYALALUM.NS
RITCO,RITCO.NS
EPL,EPL.NS
GLAND,GLAND.NS
IEX,IEX.NS
RETAIL,RETAIL.NS
HMVL,HMVL.NS
TVTODAY,TVTODAY.NS
SILGO,SILGO.NS
PPL,PPL.NS
URAVI,URAVI.NS
DIL,DIL.NS
AZAD,AZAD.NS
HIMATSEIDE,HIMATSEIDE.NS
MONARCH,MONARCH.NS
EXICOM,EXICOM.NS
MBAPL,MBAPL.NS
DVL,DVL.NS
SOMICONVEY,SOMICONVEY.NS
SOUTHWEST,SOUTHWEST.NS
JAIPURKURT,JAIPURKURT.NS
DELTACORP,DELTACORP.NS
ALEMBICLTD,ALEMBICLTD.NS
FORTIS,FORTIS.NS
HIKAL,HIKAL.NS
MOKSH,MOKSH.NS
VAIBHAVGBL,VAIBHAVGBL.NS
LIBAS,LIBAS.NS
SALZERELEC,SALZERELEC.NS
BODALCHEM,BODALCHEM.NS
SHYAMMETL,SHYAMMETL.NS
KIRLPNU,KIRLPNU.NS
SPECIALITY,SPECIALITY.NS
WINDMACHIN,WINDMACHIN.NS
SHIVALIK,SHIVALIK.NS
PLAZACABLE,PLAZACABLE.NS
GANECOS,GANECOS.NS
MFSL,MFSL.NS
MAZDA,MAZDA.NS
VALIANTORG,VALIANTORG.NS
CHAVDA,CHAVDA.NS
AARVI,AARVI.NS
HAVELLS,HAVELLS.NS
NCC,NCC.NS
MMFL,MMFL.NS
KITEX,KITEX.NS
GODREJPROP,GODREJPROP.NS
HERCULES,HERCULES.NS
UDAICEMENT,UDAICEMENT.NS
SIGNATURE,SIGNATURE.NS
DONEAR,DONEAR.NS
PRECWIRE,PRECWIRE.NS
GTL,GTL.NS
VIKASECO,VIKASECO.NS
DPWIRES,DPWIRES.NS
NEOGEN,NEOGEN.NS
DALMIASUG,DALMIASUG.NS
INDOBORAX,INDOBORAX.NS
M&MFIN,M&MFIN.NS
POWERMECH,POWERMECH.NS
MARSHALL,MARSHALL.NS
AIIL,AIIL.NS
ADFFOODS,ADFFOODS.NS
CAPLIPOINT,CAPLIPOINT.NS
LIBERTSHOE,LIBERTSHOE.NS
VOLTAMP,VOLTAMP.NS
PRLIND,PRLIND.NS
MUFTI,MUFTI.NS
INDGN,INDGN.NS
NSIL,NSIL.NS
GOLDTECH,GOLDTECH.NS
BECTORFOOD,BECTORFOOD.NS
BAJFINANCE,BAJFINANCE.NS
CARYSIL,CARYSIL.NS
MEDANTA,MEDANTA.NS
MANINDS,MANINDS.NS
IVC,IVC.NS
SIKKO,SIKKO.NS
HATSUN,HATSUN.NS
ARMANFIN,ARMANFIN.NS
DMART,DMART.NS
JPPOWER,JPPOWER.NS
BHARTIARTL,BHARTIARTL.NS
BINANIIND,BINANIIND.NS
WHEELS,WHEELS.NS
AKZOINDIA,AKZOINDIA.NS
EIDPARRY,EIDPARRY.NS
RENUKA,RENUKA.NS
HESTERBIO,HESTERBIO.NS
RHIM,RHIM.NS
INFIBEAM,INFIBEAM.NS
MALUPAPER,MALUPAPER.NS
CMSINFO,CMSINFO.NS
WEL,WEL.NS
CHENNPETRO,CHENNPETRO.NS
SAHYADRI,SAHYADRI.NS
DAMODARIND,DAMODARIND.NS
SANSERA,SANSERA.NS
SPAL,SPAL.NS
BANDHANBNK,BANDHANBNK.NS
NITINSPIN,NITINSPIN.NS
DELHIVERY,DELHIVERY.NS
ESSENTIA,ESSENTIA.NS
MITTAL,MITTAL.NS
SFL,SFL.NS
GOODLUCK,GOODLUCK.NS
ORISSAMINE,ORISSAMINE.NS
SPLIL,SPLIL.NS
ADANIENSOL,ADANIENSOL.NS
MANAPPURAM,MANAPPURAM.NS
HUHTAMAKI,HUHTAMAKI.NS
DLINKINDIA,DLINKINDIA.NS
SSWL,SSWL.NS
NACLIND,NACLIND.NS
VARDHACRLC,VARDHACRLC.NS
SRHHYPOLTD,SRHHYPOLTD.NS
NIITMTS,NIITMTS.NS
XPROINDIA,XPROINDIA.NS
GOCLCORP,GOCLCORP.NS
SUVEN,SUVEN.NS
WINDLAS,WINDLAS.NS
PTC,PTC.NS
STYRENIX,STYRENIX.NS
BALAMINES,BALAMINES.NS
BPCL,BPCL.NS
TEGA,TEGA.NS
UJJIVANSFB,UJJIVANSFB.NS
PCJEWELLER,PCJEWELLER.NS
SURAJEST,SURAJEST.NS
VLSFINANCE,VLSFINANCE.NS
KPIL,KPIL.NS
KPIGREEN,KPIGREEN.NS
MAITHANALL,MAITHANALL.NS
REFEX,REFEX.NS
ALANKIT,ALANKIT.NS
FCL,FCL.NS
RAINBOW,RAINBOW.NS
ANGELONE,ANGELONE.NS
SIS,SIS.NS
KEC,KEC.NS
SUNCLAY,SUNCLAY.NS
CAMS,CAMS.NS
VEDL,VEDL.NS
AKSHOPTFBR,AKSHOPTFBR.NS
TATAINVEST,TATAINVEST.NS
RATNAVEER,RATNAVEER.NS
UTKARSHBNK,UTKARSHBNK.NS
LTFOODS,LTFOODS.NS
SURANASOL,SURANASOL.NS
WOCKPHARMA,WOCKPHARMA.NS
VISAKAIND,VISAKAIND.NS
ELECON,ELECON.NS
SEPC,SEPC.NS
BANKINDIA,BANKINDIA.NS
STAR,STAR.NS
SUYOG,SUYOG.NS
BANG,BANG.NS
APOLLOHOSP,APOLLOHOSP.NS
RAJRATAN,RAJRATAN.NS
BEL,BEL.NS
TATATECH,TATATECH.NS
POLYMED,POLYMED.NS
SWARAJENG,SWARAJENG.NS
SHREDIGCEM,SHREDIGCEM.NS
ZAGGLE,ZAGGLE.NS
CHEMFAB,CHEMFAB.NS
GRAVITA,GRAVITA.NS
MAXHEALTH,MAXHEALTH.NS
INDSWFTLAB,INDSWFTLAB.NS
FLUOROCHEM,FLUOROCHEM.NS
FLFL,FLFL.NS
GPTHEALTH,GPTHEALTH.NS
HEIDELBERG,HEIDELBERG.NS
LAWSIKHO,LAWSIKHO.NS
ANURAS,ANURAS.NS
GODIGIT,GODIGIT.NS
CRISIL,CRISIL.NS
TI,TI.NS
ACL,ACL.NS
PIDILITIND,PIDILITIND.NS
CIPLA,CIPLA.NS
BLUEJET,BLUEJET.NS
GOKULAGRO,GOKULAGRO.NS
METROPOLIS,METROPOLIS.NS
PERSISTENT,PERSISTENT.NS
DEVYANI,DEVYANI.NS
RITES,RITES.NS
CAPACITE,CAPACITE.NS
NATCOPHARM,NATCOPHARM.NS
DIAMONDYD,DIAMONDYD.NS
CROMPTON,CROMPTON.NS
ZUARIIND,ZUARIIND.NS
SANOFI,SANOFI.NS
INDRAMEDCO,INDRAMEDCO.NS
TCI,TCI.NS
NELCO,NELCO.NS
KEI,KEI.NS
AWHCL,AWHCL.NS
MURUDCERA,MURUDCERA.NS
LUXIND,LUXIND.NS
ARROWGREEN,ARROWGREEN.NS
FIVESTAR,FIVESTAR.NS
AURUM,AURUM.NS
DBSTOCKBRO,DBSTOCKBRO.NS
ELGIEQUIP,ELGIEQUIP.NS
IRBINVIT,IRBINVIT.NS
ROUTE,ROUTE.NS
NIITLTD,NIITLTD.NS
RAJESHEXPO,RAJESHEXPO.NS
KAYNES,KAYNES.NS
GRINDWELL,GRINDWELL.NS
BHAGYANGR,BHAGYANGR.NS
BEPL,BEPL.NS
GNFC,GNFC.NS
ICICIBANK,ICICIBANK.NS
ASTRAL,ASTRAL.NS
ALLSEC,ALLSEC.NS
ZENSARTECH,ZENSARTECH.NS
NH,NH.NS
DYNAMATECH,DYNAMATECH.NS
GMRP&UI,GMRP&UI.NS
AEROFLEX,AEROFLEX.NS
MARKSANS,MARKSANS.NS
UNIONBANK,UNIONBANK.NS
CESC,CESC.NS
MAWANASUG,MAWANASUG.NS
VADILALIND,VADILALIND.NS
PNBHOUSING,PNBHOUSING.NS
DHANUKA,DHANUKA.NS
EMIL,EMIL.NS
STARCEMENT,STARCEMENT.NS
SUPRIYA,SUPRIYA.NS
SANGHVIMOV,SANGHVIMOV.NS
DHANI,DHANI.NS
GEOJITFSL,GEOJITFSL.NS
SUULD,SUULD.NS
USK,USK.NS
HINDALCO,HINDALCO.NS
ONWARDTEC,ONWARDTEC.NS
PTL,PTL.NS
GICRE,GICRE.NS
SGIL,SGIL.NS
JAYSREETEA,JAYSREETEA.NS
RAMRAT,RAMRAT.NS
MUTHOOTMF,MUTHOOTMF.NS
LUPIN,LUPIN.NS
RKFORGE,RKFORGE.NS
BAJAJFINSV,BAJAJFINSV.NS
HMAAGRO,HMAAGRO.NS
SREEL,SREEL.NS
TATASTEEL,TATASTEEL.NS
RADIANTCMS,RADIANTCMS.NS
SUPRAJIT,SUPRAJIT.NS
AKUMS,AKUMS.NS
TATVA,TATVA.NS
NUVAMA,NUVAMA.NS
HUBTOWN,HUBTOWN.NS
DEEDEV,DEEDEV.NS
DEVIT,DEVIT.NS
CREDITACC,CREDITACC.NS
AMBER,AMBER.NS
PATINTLOG,PATINTLOG.NS
CUBEXTUB,CUBEXTUB.NS
20MICRONS,20MICRONS.NS
AUROPHARMA,AUROPHARMA.NS
BARBEQUE,BARBEQUE.NS
UNITDSPR,UNITDSPR.NS
GHCLTEXTIL,GHCLTEXTIL.NS
HLEGLAS,HLEGLAS.NS
GUJALKALI,GUJALKALI.NS
SCHAEFFLER,SCHAEFFLER.NS
KRBL,KRBL.NS
RUCHIRA,RUCHIRA.NS
SERVOTECH,SERVOTECH.NS
TIDEWATER,TIDEWATER.NS
SDBL,SDBL.NS
EROSMEDIA,EROSMEDIA.NS
PARKHOTELS,PARKHOTELS.NS
KALAMANDIR,KALAMANDIR.NS
FILATEX,FILATEX.NS
KTKBANK,KTKBANK.NS
WANBURY,WANBURY.NS
WELCORP,WELCORP.NS
KSCL,KSCL.NS
WSI,WSI.NS
SOLARA,SOLARA.NS
GRMOVER,GRMOVER.NS
SPANDANA,SPANDANA.NS
LINCOLN,LINCOLN.NS
TIMETECHNO,TIMETECHNO.NS
ASTRAMICRO,ASTRAMICRO.NS
DANGEE,DANGEE.NS
HITECHGEAR,HITECHGEAR.NS
RUCHINFRA,RUCHINFRA.NS
KRSNAA,KRSNAA.NS
BANSALWIRE,BANSALWIRE.NS
RICOAUTO,RICOAUTO.NS
EMAMILTD,EMAMILTD.NS
LXCHEM,LXCHEM.NS
INDOAMIN,INDOAMIN.NS
FORCEMOT,FORCEMOT.NS
SHRIRAMPPS,SHRIRAMPPS.NS
JIOFIN,JIOFIN.NS
PVRINOX,PVRINOX.NS
TIRUMALCHM,TIRUMALCHM.NS
MUKTAARTS,MUKTAARTS.NS
IPL,IPL.NS
LAOPALA,LAOPALA.NS
ASIANPAINT,ASIANPAINT.NS
ANDHRSUGAR,ANDHRSUGAR.NS
IPCALAB,IPCALAB.NS
TIINDIA,TIINDIA.NS
CUMMINSIND,CUMMINSIND.NS
SSEGL,SSEGL.NS
SAREGAMA,SAREGAMA.NS
JINDALPOLY,JINDALPOLY.NS
SUTLEJTEX,SUTLEJTEX.NS
TIIL,TIIL.NS
GAEL,GAEL.NS
WABAG,WABAG.NS
NEWGEN,NEWGEN.NS
UDS,UDS.NS
CIGNITITEC,CIGNITITEC.NS
COLPAL,COLPAL.NS
IRCTC,IRCTC.NS
GULFOILLUB,GULFOILLUB.NS
ZEAL,ZEAL.NS
PIIND,PIIND.NS
ANANTRAJ,ANANTRAJ.NS
LEMONTREE,LEMONTREE.NS
ROHLTD,ROHLTD.NS
360ONE,360ONE.NS
CIEINDIA,CIEINDIA.NS
SOTL,SOTL.NS
OPTIEMUS,OPTIEMUS.NS
WALCHANNAG,WALCHANNAG.NS
NUVOCO,NUVOCO.NS
METROBRAND,METROBRAND.NS
SILVERTUC,SILVERTUC.NS
GULPOLY,GULPOLY.NS
ENGINERSIN,ENGINERSIN.NS
ASHOKLEY,ASHOKLEY.NS
HONASA,HONASA.NS
GATEWAY,GATEWAY.NS
IGARASHI,IGARASHI.NS
VOLTAS,VOLTAS.NS
GODFRYPHLP,GODFRYPHLP.NS
JINDALSAW,JINDALSAW.NS
GSLSU,GSLSU.NS
SKMEGGPROD,SKMEGGPROD.NS
VIRINCHI,VIRINCHI.NS
FAIRCHEMOR,FAIRCHEMOR.NS
JUSTDIAL,JUSTDIAL.NS
BFUTILITIE,BFUTILITIE.NS
INDIACEM,INDIACEM.NS
BCLIND,BCLIND.NS
ITDCEM,ITDCEM.NS
VALIANTLAB,VALIANTLAB.NS
BHARATFORG,BHARATFORG.NS
GMMPFAUDLR,GMMPFAUDLR.NS
HCLTECH,HCLTECH.NS
CHOLAHLDNG,CHOLAHLDNG.NS
GSFC,GSFC.NS
SALASAR,SALASAR.NS
XCHANGING,XCHANGING.NS
ADROITINFO,ADROITINFO.NS
CLEDUCATE,CLEDUCATE.NS
KRONOX,KRONOX.NS
MENONBE,MENONBE.NS
WSTCSTPAPR,WSTCSTPAPR.NS
MOREPENLAB,MOREPENLAB.NS
SAMHI,SAMHI.NS
KOTARISUG,KOTARISUG.NS
BANCOINDIA,BANCOINDIA.NS
JSWENERGY,JSWENERGY.NS
SHAKTIPUMP,SHAKTIPUMP.NS
STCINDIA,STCINDIA.NS
KFINTECH,KFINTECH.NS
DEEPINDS,DEEPINDS.NS
KECL,KECL.NS
UPL,UPL.NS
INDORAMA,INDORAMA.NS
ELIN,ELIN.NS
DIVISLAB,DIVISLAB.NS
POLICYBZR,POLICYBZR.NS
POKARNA,POKARNA.NS
HDFCBANK,HDFCBANK.NS
HDFCLIFE,HDFCLIFE.NS
DWARKESH,DWARKESH.NS
URJA,URJA.NS
SRF,SRF.NS
HERANBA,HERANBA.NS
HINDWAREAP,HINDWAREAP.NS
THEMISMED,THEMISMED.NS
GESHIP,GESHIP.NS
AMRUTANJAN,AMRUTANJAN.NS
PARAGMILK,PARAGMILK.NS
IIFL,IIFL.NS
AVANTEL,AVANTEL.NS
BIRLACABLE,BIRLACABLE.NS
PRUDENT,PRUDENT.NS
BAJAJHIND,BAJAJHIND.NS
TNPETRO,TNPETRO.NS
5PAISA,5PAISA.NS
NAVA,NAVA.NS
DLF,DLF.NS
RKSWAMY,RKSWAMY.NS
ZOMATO,ZOMATO.NS
AXITA,AXITA.NS
PFIZER,PFIZER.NS
HINDUNILVR,HINDUNILVR.NS
SAKAR,SAKAR.NS
HINDOILEXP,HINDOILEXP.NS
MAXESTATES,MAXESTATES.NS
JUBLFOOD,JUBLFOOD.NS
CDSL,CDSL.NS
SWSOLAR,SWSOLAR.NS
PIXTRANS,PIXTRANS.NS
HITECH,HITECH.NS
PROZONER,PROZONER.NS
SPARC,SPARC.NS
ZOTA,ZOTA.NS
SINTERCOM,SINTERCOM.NS
RTNPOWER,RTNPOWER.NS
J&KBANK,J&KBANK.NS
PFC,PFC.NS
GEECEE,GEECEE.NS
MAHLIFE,MAHLIFE.NS
GMRINFRA,GMRINFRA.NS
BLAL,BLAL.NS
GPPL,GPPL.NS
DENORA,DENORA.NS
LOTUSEYE,LOTUSEYE.NS
BALAXI,BALAXI.NS
BHANDARI,BHANDARI.NS
GREENPLY,GREENPLY.NS
BHARATGEAR,BHARATGEAR.NS
ADANIPORTS,ADANIPORTS.NS
JKPAPER,JKPAPER.NS
SONAMAC,SONAMAC.NS
AVROIND,AVROIND.NS
DTIL,DTIL.NS
VSSL,VSSL.NS
NFL,NFL.NS
FCSSOFT,FCSSOFT.NS
CHAMBLFERT,CHAMBLFERT.NS
APCL,APCL.NS
SUNDRMFAST,SUNDRMFAST.NS
HPAL,HPAL.NS
BERGEPAINT,BERGEPAINT.NS
INDIAGLYCO,INDIAGLYCO.NS
MOLDTECH,MOLDTECH.NS
SHANTIGEAR,SHANTIGEAR.NS
PANACEABIO,PANACEABIO.NS
DEEPAKNTR,DEEPAKNTR.NS
MUNJALSHOW,MUNJALSHOW.NS
NAVKARCORP,NAVKARCORP.NS
NAM-INDIA,NAM-INDIA.NS
AIAENG,AIAENG.NS
BAYERCROP,BAYERCROP.NS
WHIRLPOOL,WHIRLPOOL.NS
ATAM,ATAM.NS
TORNTPHARM,TORNTPHARM.NS
ASPINWALL,ASPINWALL.NS
CHEMBOND,CHEMBOND.NS
PRIMESECU,PRIMESECU.NS
VENUSREM,VENUSREM.NS
JUBLPHARMA,JUBLPHARMA.NS
MCX,MCX.NS
EMAMIPAP,EMAMIPAP.NS
CHOICEIN,CHOICEIN.NS
NESCO,NESCO.NS
MEDICAMEQ,MEDICAMEQ.NS
OMINFRAL,OMINFRAL.NS
SWANENERGY,SWANENERGY.NS
MUKKA,MUKKA.NS
NELCAST,NELCAST.NS
EPACK,EPACK.NS
DBOL,DBOL.NS
RVNL,RVNL.NS
UBL,UBL.NS
RBA,RBA.NS
MUKANDLTD,MUKANDLTD.NS
WELSPUNLIV,WELSPUNLIV.NS
GTPL,GTPL.NS
UNIDT,UNIDT.NS
CENTUM,CENTUM.NS
SOMANYCERA,SOMANYCERA.NS
MIDHANI,MIDHANI.NS
BALUFORGE,BALUFORGE.NS
MATRIMONY,MATRIMONY.NS
QUESS,QUESS.NS
CAMLINFINE,CAMLINFINE.NS
EQUITASBNK,EQUITASBNK.NS
DOLATALGO,DOLATALGO.NS
MAYURUNIQ,MAYURUNIQ.NS
GODREJCP,GODREJCP.NS
TNPL,TNPL.NS
SIYSIL,SIYSIL.NS
SIEMENS,SIEMENS.NS
PFS,PFS.NS
ASTEC,ASTEC.NS
PRAKASH,PRAKASH.NS
WELENT,WELENT.NS
GMDCLTD,GMDCLTD.NS
PCBL,PCBL.NS
MSTCLTD,MSTCLTD.NS
SAMMAANCAP,SAMMAANCAP.NS
KOLTEPATIL,KOLTEPATIL.NS
RUPA,RUPA.NS
PASUPTAC,PASUPTAC.NS
GEEKAYWIRE,GEEKAYWIRE.NS
SUBEXLTD,SUBEXLTD.NS
EXXARO,EXXARO.NS
MOL,MOL.NS
GENSOL,GENSOL.NS
RAMKY,RAMKY.NS
DBL,DBL.NS
GOKEX,GOKEX.NS
AVALON,AVALON.NS
NUCLEUS,NUCLEUS.NS
DOMS,DOMS.NS
TCS,TCS.NS
JYOTISTRUC,JYOTISTRUC.NS
STOVEKRAFT,STOVEKRAFT.NS
TBZ,TBZ.NS
PSB,PSB.NS
PPLPHARMA,PPLPHARMA.NS
EXCELINDUS,EXCELINDUS.NS
CONTROLPR,CONTROLPR.NS
TRACXN,TRACXN.NS
OLAELEC,OLAELEC.NS
INDOTECH,INDOTECH.NS
SHRIRAMFIN,SHRIRAMFIN.NS
ADVENZYMES,ADVENZYMES.NS
EVEREADY,EVEREADY.NS
PARADEEP,PARADEEP.NS
UGARSUGAR,UGARSUGAR.NS
ARIHANTSUP,ARIHANTSUP.NS
PENINLAND,PENINLAND.NS
AMBUJACEM,AMBUJACEM.NS
SAFARI,SAFARI.NS
VENKEYS,VENKEYS.NS
JINDALSTEL,JINDALSTEL.NS
APCOTEXIND,APCOTEXIND.NS
DALBHARAT,DALBHARAT.NS
INOXGREEN,INOXGREEN.NS
REDINGTON,REDINGTON.NS
TCIEXP,TCIEXP.NS
HARDWYN,HARDWYN.NS
THERMAX,THERMAX.NS
ADANIPOWER,ADANIPOWER.NS
KHAICHEM,KHAICHEM.NS
SPLPETRO,SPLPETRO.NS
STEELCITY,STEELCITY.NS
SCI,SCI.NS
MTNL,MTNL.NS
PETRONET,PETRONET.NS
SATIN,SATIN.NS
VIPIND,VIPIND.NS
FSL,FSL.NS
SHEMAROO,SHEMAROO.NS
ARE&M,ARE&M.NS
ITI,ITI.NS
LLOYDSENGG,LLOYDSENGG.NS
BRITANNIA,BRITANNIA.NS
MRF,MRF.NS
MMTC,MMTC.NS
SUNPHARMA,SUNPHARMA.NS
SKIPPER,SKIPPER.NS
VERANDA,VERANDA.NS
ZEEMEDIA,ZEEMEDIA.NS
UMAEXPORTS,UMAEXPORTS.NS
SBICARD,SBICARD.NS
UNIVASTU,UNIVASTU.NS
SHAREINDIA,SHAREINDIA.NS
MAGADSUGAR,MAGADSUGAR.NS
INDTERRAIN,INDTERRAIN.NS
VRLLOG,VRLLOG.NS
ISFT,ISFT.NS
TOKYOPLAST,TOKYOPLAST.NS
FEDFINA,FEDFINA.NS
EXPLEOSOL,EXPLEOSOL.NS
CHEMPLASTS,CHEMPLASTS.NS
BASML,BASML.NS
JUBLINGREA,JUBLINGREA.NS
OSWALGREEN,OSWALGREEN.NS
DIVGIITTS,DIVGIITTS.NS
BLSE,BLSE.NS
OBEROIRLTY,OBEROIRLTY.NS
IXIGO,IXIGO.NS
DCW,DCW.NS
VARROC,VARROC.NS
LUMAXTECH,LUMAXTECH.NS
3IINFOLTD,3IINFOLTD.NS
ZEEL,ZEEL.NS
GRAPHITE,GRAPHITE.NS
EMSLIMITED,EMSLIMITED.NS
TITAGARH,TITAGARH.NS
BIKAJI,BIKAJI.NS
SHREECEM,SHREECEM.NS
KIRLOSENG,KIRLOSENG.NS
HGS,HGS.NS
MOLDTKPAC,MOLDTKPAC.NS
NCLIND,NCLIND.NS
GENUSPAPER,GENUSPAPER.NS
ITC,ITC.NS
LTTS,LTTS.NS
CGPOWER,CGPOWER.NS
ACC,ACC.NS
PTCIL,PTCIL.NS
KIRIINDUS,KIRIINDUS.NS
CENTURYPLY,CENTURYPLY.NS
RPSGVENT,RPSGVENT.NS
DEEPAKFERT,DEEPAKFERT.NS
BBTCL,BBTCL.NS
HAL,HAL.NS
AGI,AGI.NS
E2E,E2E.NS
RAMCOSYS,RAMCOSYS.NS
ABCAPITAL,ABCAPITAL.NS
CONCOR,CONCOR.NS
GAIL,GAIL.NS
TEXRAIL,TEXRAIL.NS
INOXWIND,INOXWIND.NS
ARTEMISMED,ARTEMISMED.NS
NDTV,NDTV.NS
WONDERLA,WONDERLA.NS
INDHOTEL,INDHOTEL.NS
TVSSCS,TVSSCS.NS
DEEPENR,DEEPENR.NS
GUJAPOLLO,GUJAPOLLO.NS
ARVIND,ARVIND.NS
PLATIND,PLATIND.NS
RPPINFRA,RPPINFRA.NS
JBMA,JBMA.NS
RBLBANK,RBLBANK.NS
ORIENTPPR,ORIENTPPR.NS
CYIENT,CYIENT.NS
HAPPYFORGE,HAPPYFORGE.NS
BAJEL,BAJEL.NS
COALINDIA,COALINDIA.NS
POLYCAB,POLYCAB.NS
PHOENIXLTD,PHOENIXLTD.NS
MHLXMIRU,MHLXMIRU.NS
GRSE,GRSE.NS
TVSSRICHAK,TVSSRICHAK.NS
ABFRL,ABFRL.NS
NTPC,NTPC.NS
PONNIERODE,PONNIERODE.NS
SIGACHI,SIGACHI.NS
TEAMLEASE,TEAMLEASE.NS
HATHWAY,HATHWAY.NS
IRMENERGY,IRMENERGY.NS
RCF,RCF.NS
AARTIDRUGS,AARTIDRUGS.NS
RESPONIND,RESPONIND.NS
GTLINFRA,GTLINFRA.NS
SELAN,SELAN.NS
BSL,BSL.NS
ZENITHDRUG,ZENITHDRUG.NS
SIMPLEXINF,SIMPLEXINF.NS
EMBDL,EMBDL.NS
SYNGENE,SYNGENE.NS
KALYANKJIL,KALYANKJIL.NS
INDOWIND,INDOWIND.NS
ORBTEXP,ORBTEXP.NS
INTLCONV,INTLCONV.NS
BANKBARODA,BANKBARODA.NS
BAJAJCON,BAJAJCON.NS
HIRECT,HIRECT.NS
NIACL,NIACL.NS
DCBBANK,DCBBANK.NS
GOPAL,GOPAL.NS
GLENMARK,GLENMARK.NS
QUICKHEAL,QUICKHEAL.NS
PSPPROJECT,PSPPROJECT.NS
TV18BRDCST,TV18BRDCST.NS
ETHOSLTD,ETHOSLTD.NS
PATANJALI,PATANJALI.NS
RADHIKAJWE,RADHIKAJWE.NS
SUNFLAG,SUNFLAG.NS
IKIO,IKIO.NS
MUFIN,MUFIN.NS
ABBOTINDIA,ABBOTINDIA.NS
IRCON,IRCON.NS
SBCL,SBCL.NS
MIRZAINT,MIRZAINT.NS
MONTECARLO,MONTECARLO.NS
RAJSREESUG,RAJSREESUG.NS
AVANTIFEED,AVANTIFEED.NS
SHILPAMED,SHILPAMED.NS
MUTHOOTCAP,MUTHOOTCAP.NS
ACLGATI,ACLGATI.NS
GREENPOWER,GREENPOWER.NS
ITDC,ITDC.NS
ESABINDIA,ESABINDIA.NS
CARTRADE,CARTRADE.NS
INOXINDIA,INOXINDIA.NS
INDUSTOWER,INDUSTOWER.NS
MSUMI,MSUMI.NS
SASKEN,SASKEN.NS
AVADHSUGAR,AVADHSUGAR.NS
SUMICHEM,SUMICHEM.NS
JAYAGROGN,JAYAGROGN.NS
ASTERDM,ASTERDM.NS
JCHAC,JCHAC.NS
SURYAROSNI,SURYAROSNI.NS
PNB,PNB.NS
BAJAJ-AUTO,BAJAJ-AUTO.NS
SANGHIIND,SANGHIIND.NS
JNKINDIA,JNKINDIA.NS
MUTHOOTFIN,MUTHOOTFIN.NS
VIPCLOTHNG,VIPCLOTHNG.NS
PGIL,PGIL.NS
GREEN-RE1,GREEN-RE1.NS
SANSTAR,SANSTAR.NS
CERA,CERA.NS
ORCHPHARMA,ORCHPHARMA.NS
CHOLAFIN,CHOLAFIN.NS
INDIAMART,INDIAMART.NS
POWERGRID,POWERGRID.NS
KIRLOSBROS,KIRLOSBROS.NS
CANBK,CANBK.NS
RANEHOLDIN,RANEHOLDIN.NS
ASHAPURMIN,ASHAPURMIN.NS
NILKAMAL,NILKAMAL.NS
SURYALAXMI,SURYALAXMI.NS
GRASIM,GRASIM.NS
INDOCO,INDOCO.NS
SUPREMEIND,SUPREMEIND.NS
BOROLTD,BOROLTD.NS
GANESHBE,GANESHBE.NS
EIHOTEL,EIHOTEL.NS
CAMPUS,CAMPUS.NS
KNRCON,KNRCON.NS
TRENT,TRENT.NS
ACE,ACE.NS
DATAMATICS,DATAMATICS.NS
MEDPLUS,MEDPLUS.NS
TIPSINDLTD,TIPSINDLTD.NS
PNCINFRA,PNCINFRA.NS
AWL,AWL.NS
TATAPOWER,TATAPOWER.NS
GMBREW,GMBREW.NS
JKLAKSHMI,JKLAKSHMI.NS
LIKHITHA,LIKHITHA.NS
AMJLAND,AMJLAND.NS
RAJTV,RAJTV.NS
RALLIS,RALLIS.NS
CANFINHOME,CANFINHOME.NS
TAKE,TAKE.NS
IDBI,IDBI.NS
GIPCL,GIPCL.NS
MOTISONS,MOTISONS.NS
SHALPAINTS,SHALPAINTS.NS
DRREDDY,DRREDDY.NS
SONAMLTD,SONAMLTD.NS
HDFCAMC,HDFCAMC.NS
ALLCARGO,ALLCARGO.NS
ASHOKA,ASHOKA.NS
ASIANENE,ASIANENE.NS
NAHARINDUS,NAHARINDUS.NS
JAGSNPHARM,JAGSNPHARM.NS
JINDWORLD,JINDWORLD.NS
UNIVCABLES,UNIVCABLES.NS
GRANULES,GRANULES.NS
GIRIRAJ,GIRIRAJ.NS
HINDZINC,HINDZINC.NS
CELLO,CELLO.NS
RADIOCITY,RADIOCITY.NS
ICEMAKE,ICEMAKE.NS
SUPERHOUSE,SUPERHOUSE.NS
GLAXO,GLAXO.NS
ICICIPRULI,ICICIPRULI.NS
BAJAJELEC,BAJAJELEC.NS
HARIOMPIPE,HARIOMPIPE.NS
ORIENTELEC,ORIENTELEC.NS
3MINDIA,3MINDIA.NS
BSE,BSE.NS
SONACOMS,SONACOMS.NS
KABRAEXTRU,KABRAEXTRU.NS
KELLTONTEC,KELLTONTEC.NS
ORIENTHOT,ORIENTHOT.NS
ATL,ATL.NS
EIHAHOTELS,EIHAHOTELS.NS
IRB,IRB.NS
POCL,POCL.NS
IGL,IGL.NS
SOUTHBANK,SOUTHBANK.NS
SHANKARA,SHANKARA.NS
APOLLOTYRE,APOLLOTYRE.NS
AGSTRA,AGSTRA.NS
SHARDACROP,SHARDACROP.NS
JAMNAAUTO,JAMNAAUTO.NS
DMCC,DMCC.NS
ROSSARI,ROSSARI.NS
GODREJIND,GODREJIND.NS
IOLCP,IOLCP.NS
SEQUENT,SEQUENT.NS
SAKHTISUG,SAKHTISUG.NS
JUBLINDS,JUBLINDS.NS
PILITA,PILITA.NS
MALLCOM,MALLCOM.NS
RVHL,RVHL.NS
PGHH,PGHH.NS
TALBROAUTO,TALBROAUTO.NS
HCC,HCC.NS
DCAL,DCAL.NS
VENUSPIPES,VENUSPIPES.NS
UCAL,UCAL.NS
SBIN,SBIN.NS
PARAS,PARAS.NS
CASTROLIND,CASTROLIND.NS
MASTEK,MASTEK.NS
DOLLAR,DOLLAR.NS
POWERINDIA,POWERINDIA.NS
RIIL,RIIL.NS
SPIC,SPIC.NS
ULTRACEMCO,ULTRACEMCO.NS
MAZDOCK,MAZDOCK.NS
INTELLECT,INTELLECT.NS
EASEMYTRIP,EASEMYTRIP.NS
SHREYAS,SHREYAS.NS
HSCL,HSCL.NS
DHAMPURSUG,DHAMPURSUG.NS
HBLPOWER,HBLPOWER.NS
NLCINDIA,NLCINDIA.NS
KSL,KSL.NS
KAMATHOTEL,KAMATHOTEL.NS
ATGL,ATGL.NS
OLECTRA,OLECTRA.NS
IOB,IOB.NS
AETHER,AETHER.NS
USHAMART,USHAMART.NS
ENDURANCE,ENDURANCE.NS
TTL,TTL.NS
GICHSGFIN,GICHSGFIN.NS
NATIONALUM,NATIONALUM.NS
BFINVEST,BFINVEST.NS
SUDARSCHEM,SUDARSCHEM.NS
AMIORG,AMIORG.NS
AMBIKCO,AMBIKCO.NS
UNITEDTEA,UNITEDTEA.NS
POONAWALLA,POONAWALLA.NS
BALKRISIND,BALKRISIND.NS
V2RETAIL,V2RETAIL.NS
APTECHT,APTECHT.NS
REPCOHOME,REPCOHOME.NS
MANAKCOAT,MANAKCOAT.NS
IMFA,IMFA.NS
TREL,TREL.NS
IMAGICAA,IMAGICAA.NS
ASTRON,ASTRON.NS
ESCORTS,ESCORTS.NS
INGERRAND,INGERRAND.NS
UCOBANK,UCOBANK.NS
AADHARHFC,AADHARHFC.NS
BHEL,BHEL.NS
RUBYMILLS,RUBYMILLS.NS
SRM,SRM.NS
PGINVIT,PGINVIT.NS
AUTOIND,AUTOIND.NS
JASH,JASH.NS
KDDL,KDDL.NS
IIFLSEC,IIFLSEC.NS
PRAJIND,PRAJIND.NS
ANDHRAPAP,ANDHRAPAP.NS
MANGALAM,MANGALAM.NS
RSWM,RSWM.NS
NAZARA,NAZARA.NS
PRECAM,PRECAM.NS
MANORAMA,MANORAMA.NS
DISHTV,DISHTV.NS
JAICORPLTD,JAICORPLTD.NS
NYKAA,NYKAA.NS
JTEKTINDIA,JTEKTINDIA.NS
CEATLTD,CEATLTD.NS
JSFB,JSFB.NS
PNBGILTS,PNBGILTS.NS
MARICO,MARICO.NS
MGL,MGL.NS
RPOWER,RPOWER.NS
IRFC,IRFC.NS
FINPIPE,FINPIPE.NS
SWELECTES,SWELECTES.NS
SAIL,SAIL.NS
BBTC,BBTC.NS
ASTRAZEN,ASTRAZEN.NS
IDEAFORGE,IDEAFORGE.NS
AAVAS,AAVAS.NS
CARBORUNIV,CARBORUNIV.NS
UFLEX,UFLEX.NS
ONMOBILE,ONMOBILE.NS
LICI,LICI.NS
MICROPRO,MICROPRO.NS
PRSMJOHNSN,PRSMJOHNSN.NS
AFIL,AFIL.NS
SARDAEN,SARDAEN.NS
EMCURE,EMCURE.NS
ABB,ABB.NS
NSLNISP,NSLNISP.NS
VMART,VMART.NS
ASAHIINDIA,ASAHIINDIA.NS
OSWALSEEDS,OSWALSEEDS.NS
SKFINDIA,SKFINDIA.NS
KSOLVES,KSOLVES.NS
BDL,BDL.NS
SURYODAY,SURYODAY.NS
TATAELXSI,TATAELXSI.NS
DABUR,DABUR.NS
JISLJALEQS,JISLJALEQS.NS
JISLDVREQS,JISLDVREQS.NS
VAKRANGEE,VAKRANGEE.NS
SMCGLOBAL,SMCGLOBAL.NS
LATENTVIEW,LATENTVIEW.NS
ALKYLAMINE,ALKYLAMINE.NS
FACT,FACT.NS
ASHIANA,ASHIANA.NS
GALAXYSURF,GALAXYSURF.NS
BHARATWIRE,BHARATWIRE.NS
ICIL,ICIL.NS
SRGHFL,SRGHFL.NS
RELIANCE,RELIANCE.NS
EDELWEISS,EDELWEISS.NS
IFCI,IFCI.NS
BLISSGVS,BLISSGVS.NS
CORDSCABLE,CORDSCABLE.NS
RAMCOCEM,RAMCOCEM.NS
IONEXCHANG,IONEXCHANG.NS
RSYSTEMS,RSYSTEMS.NS
LALPATHLAB,LALPATHLAB.NS
ALKEM,ALKEM.NS
BALKRISHNA,BALKRISHNA.NS
SUNTV,SUNTV.NS
WESTLIFE,WESTLIFE.NS
ASAL,ASAL.NS
FINOPB,FINOPB.NS
NAVINFLUOR,NAVINFLUOR.NS
APARINDS,APARINDS.NS
TDPOWERSYS,TDPOWERSYS.NS
SCILAL,SCILAL.NS
KOTAKBANK,KOTAKBANK.NS
BSOFT,BSOFT.NS
ENTERO,ENTERO.NS
AXISBANK,AXISBANK.NS
TTML,TTML.NS
HCL-INSYS,HCL-INSYS.NS
ERIS,ERIS.NS
TATACOMM,TATACOMM.NS
MARATHON,MARATHON.NS
ARCHIDPLY,ARCHIDPLY.NS
BPL,BPL.NS
ADANIENT,ADANIENT.NS
APEX,APEX.NS
YATHARTH,YATHARTH.NS
LOKESHMACH,LOKESHMACH.NS
LAURUSLABS,LAURUSLABS.NS
STLTECH,STLTECH.NS
ADANIGREEN,ADANIGREEN.NS
MANINFRA,MANINFRA.NS
KOHINOOR,KOHINOOR.NS
MAHABANK,MAHABANK.NS
SJS,SJS.NS
SARLAPOLY,SARLAPOLY.NS
TECHNOE,TECHNOE.NS
HGINFRA,HGINFRA.NS
AGARIND,AGARIND.NS
HPL,HPL.NS
ESAFSFB,ESAFSFB.NS
SEAMECLTD,SEAMECLTD.NS
KIOCL,KIOCL.NS
LT,LT.NS
CARERATING,CARERATING.NS
TIMKEN,TIMKEN.NS
KOTYARK,KOTYARK.NS
PRUDMOULI,PRUDMOULI.NS
KOPRAN,KOPRAN.NS
TATACHEM,TATACHEM.NS
ANANDRATHI,ANANDRATHI.NS
LICHSGFIN,LICHSGFIN.NS
JMA,JMA.NS
KAMDHENU,KAMDHENU.NS
UTSSAV,UTSSAV.NS
SAURASHCEM,SAURASHCEM.NS
RECLTD,RECLTD.NS
EPIGRAL,EPIGRAL.NS
BATAINDIA,BATAINDIA.NS
GREAVESCOT,GREAVESCOT.NS
GET&D,GET&D.NS
RPGLIFE,RPGLIFE.NS
PIONEEREMB,PIONEEREMB.NS
EXIDEIND,EXIDEIND.NS
APS,APS.NS
RELAXO,RELAXO.NS
AXISCADES,AXISCADES.NS
NAUKRI,NAUKRI.NS
COFORGE,COFORGE.NS
BBL,BBL.NS
SOBHA,SOBHA.NS
ICICIGI,ICICIGI.NS
PURVA,PURVA.NS
ICRA,ICRA.NS
IFGLEXPOR,IFGLEXPOR.NS
DOLPHIN,DOLPHIN.NS
JYOTICNC,JYOTICNC.NS
KAJARIACER,KAJARIACER.NS
ISGEC,ISGEC.NS
CLEAN,CLEAN.NS
TVSHLTD,TVSHLTD.NS
BHAGCHEM,BHAGCHEM.NS
PAGEIND,PAGEIND.NS
PAKKA,PAKKA.NS
CENTRALBK,CENTRALBK.NS
GLOSTERLTD,GLOSTERLTD.NS
POSITRON,POSITRON.NS
PRIVISCL,PRIVISCL.NS
KPITTECH,KPITTECH.NS
AIMTRON,AIMTRON.NS
RPEL,RPEL.NS
GOKUL,GOKUL.NS
SGL,SGL.NS
RAIN,RAIN.NS
LAXMICOT,LAXMICOT.NS
SANDHAR,SANDHAR.NS
JLHL,JLHL.NS
JSWSTEEL,JSWSTEEL.NS
KIMS,KIMS.NS
DCM,DCM.NS
MORARJEE,MORARJEE.NS
BALAJITELE,BALAJITELE.NS
TRIVENI,TRIVENI.NS
SBILIFE,SBILIFE.NS
VASCONEQ,VASCONEQ.NS
INDBANK,INDBANK.NS
SALSTEEL,SALSTEEL.NS
PRAENG,PRAENG.NS
GRWRHITECH,GRWRHITECH.NS
MRO-TEK,MRO-TEK.NS
SALONA,SALONA.NS
EMAMIREAL,EMAMIREAL.NS
INSPIRISYS,INSPIRISYS.NS
TITAN,TITAN.NS
MAHESHWARI,MAHESHWARI.NS
GODHA,GODHA.NS
MOTHERSON,MOTHERSON.NS
BHAGERIA,BHAGERIA.NS
AJANTPHARM,AJANTPHARM.NS
SHOPERSTOP,SHOPERSTOP.NS
TRIDENT,TRIDENT.NS
TEXMOPIPES,TEXMOPIPES.NS
HEUBACHIND,HEUBACHIND.NS
TPHQ,TPHQ.NS
MPHASIS,MPHASIS.NS
PENIND,PENIND.NS
GREENLAM,GREENLAM.NS
MANYAVAR,MANYAVAR.NS
JSL,JSL.NS
TARIL,TARIL.NS
TECHM,TECHM.NS
YASHO,YASHO.NS
PUNJABCHEM,PUNJABCHEM.NS
VIPULLTD,VIPULLTD.NS
LODHA,LODHA.NS
NORBTEAEXP,NORBTEAEXP.NS
MANALIPETC,MANALIPETC.NS
MBECL,MBECL.NS
DIGIDRIVE,DIGIDRIVE.NS
THANGAMAYL,THANGAMAYL.NS
GARFIBRES,GARFIBRES.NS
GOCOLORS,GOCOLORS.NS
FINCABLES,FINCABLES.NS
HONAUT,HONAUT.NS
JKIL,JKIL.NS
PARSVNATH,PARSVNATH.NS
PYRAMID,PYRAMID.NS
ZYDUSWELL,ZYDUSWELL.NS
VIKASLIFE,VIKASLIFE.NS
BLUESTARCO,BLUESTARCO.NS
AUTOAXLES,AUTOAXLES.NS
HERITGFOOD,HERITGFOOD.NS
DECCANCE,DECCANCE.NS
ARENTERP,ARENTERP.NS
WEALTH,WEALTH.NS
NEULANDLAB,NEULANDLAB.NS
SCPL,SCPL.NS
BAFNAPH,BAFNAPH.NS
PGHL,PGHL.NS
AROGRANITE,AROGRANITE.NS
AWFIS,AWFIS.NS
GNA,GNA.NS
TMB,TMB.NS
NURECA,NURECA.NS
ZUARI,ZUARI.NS
RELCHEMQ,RELCHEMQ.NS
TRIGYN,TRIGYN.NS
IRIS,IRIS.NS
GHCL,GHCL.NS
FUSION,FUSION.NS
MTARTECH,MTARTECH.NS
ORTINLAB,ORTINLAB.NS
PRITI,PRITI.NS
BASF,BASF.NS
VINYLINDIA,VINYLINDIA.NS
GENESYS,GENESYS.NS
RACE,RACE.NS
LAXMIMACH,LAXMIMACH.NS
IMPEXFERRO,IMPEXFERRO.NS
TORNTPOWER,TORNTPOWER.NS
NGLFINE,NGLFINE.NS
SUZLON,SUZLON.NS
MANAKSTEEL,MANAKSTEEL.NS
UMANGDAIRY,UMANGDAIRY.NS
SUKHJITS,SUKHJITS.NS
MARINE,MARINE.NS
HFCL,HFCL.NS
LUMAXIND,LUMAXIND.NS
REMSONSIND,REMSONSIND.NS
GABRIEL,GABRIEL.NS
SHRADHA,SHRADHA.NS
CHEMCON,CHEMCON.NS
PAVNAIND,PAVNAIND.NS
CELEBRITY,CELEBRITY.NS
ORIENTCEM,ORIENTCEM.NS
PREMEXPLN,PREMEXPLN.NS
MPSLTD,MPSLTD.NS
VGUARD,VGUARD.NS
CSBBANK,CSBBANK.NS
RAMAPHO,RAMAPHO.NS
BIRLAMONEY,BIRLAMONEY.NS
MAPMYINDIA,MAPMYINDIA.NS
SAGARDEEP,SAGARDEEP.NS
WIPRO,WIPRO.NS
PODDARHOUS,PODDARHOUS.NS
BLUEDART,BLUEDART.NS
MANGCHEFER,MANGCHEFER.NS
IFBIND,IFBIND.NS
WORTH,WORTH.NS
SECURKLOUD,SECURKLOUD.NS
PREMIERPOL,PREMIERPOL.NS
UNIVAFOODS,UNIVAFOODS.NS
JOCIL,JOCIL.NS
HAPPSTMNDS,HAPPSTMNDS.NS
JSWINFRA,JSWINFRA.NS
SANDESH,SANDESH.NS
JITFINFRA,JITFINFRA.NS
PITTIENG,PITTIENG.NS
WINSOME,WINSOME.NS
GPIL,GPIL.NS
OCCL,OCCL.NS
INDIGRID,INDIGRID.NS
NITIRAJ,NITIRAJ.NS
KPRMILL,KPRMILL.NS
INDUSINDBK,INDUSINDBK.NS
ALPHAGEO,ALPHAGEO.NS
PRECISION,PRECISION.NS
HARSHA,HARSHA.NS
IDFC,IDFC.NS
DIGISPICE,DIGISPICE.NS
VISHNU,VISHNU.NS
YESBANK,YESBANK.NS
TIRUPATIFL,TIRUPATIFL.NS
JYOTHYLAB,JYOTHYLAB.NS
BANKA,BANKA.NS
ESTER,ESTER.NS
VIMTALABS,VIMTALABS.NS
COROMANDEL,COROMANDEL.NS
SOLARINDS,SOLARINDS.NS
DENTALKART,DENTALKART.NS
RADAAN,RADAAN.NS
DBREALTY,DBREALTY.NS
AARTIIND,AARTIIND.NS
JSLL,JSLL.NS
NRL,NRL.NS
BOMDYEING,BOMDYEING.NS
AESTHETIK,AESTHETIK.NS
OMAXE,OMAXE.NS
SHARDAMOTR,SHARDAMOTR.NS
BOSCHLTD,BOSCHLTD.NS
NETWORK18,NETWORK18.NS
VBL,VBL.NS
POLYPLEX,POLYPLEX.NS
SENCO,SENCO.NS
JAIBALAJI,JAIBALAJI.NS
SSDL,SSDL.NS
TEXINFRA,TEXINFRA.NS
APOLLOPIPE,APOLLOPIPE.NS
KCP,KCP.NS
GEPIL,GEPIL.NS
SUNDARMFIN,SUNDARMFIN.NS
TATACONSUM,TATACONSUM.NS
STARPAPER,STARPAPER.NS
BOROSCI,BOROSCI.NS
INFY,INFY.NS
INFOBEAN,INFOBEAN.NS
JKCEMENT,JKCEMENT.NS
SBFC,SBFC.NS
SADHNANIQ,SADHNANIQ.NS
BAJAJHCARE,BAJAJHCARE.NS
NESTLEIND,NESTLEIND.NS
SONATSOFTW,SONATSOFTW.NS
ATUL,ATUL.NS
AHLUCONT,AHLUCONT.NS
SHK,SHK.NS
DYCL,DYCL.NS
RTNINDIA,RTNINDIA.NS
CCL,CCL.NS
THOMASCOOK,THOMASCOOK.NS
PAISALO,PAISALO.NS
AKI,AKI.NS
SURANAT&P,SURANAT&P.NS
SMSLIFE,SMSLIFE.NS
HCG,HCG.NS
DCMSHRIRAM,DCMSHRIRAM.NS
HONDAPOWER,HONDAPOWER.NS
KHAITANLTD,KHAITANLTD.NS
IREDA,IREDA.NS
MEGASOFT,MEGASOFT.NS
ALKALI,ALKALI.NS
ORICONENT,ORICONENT.NS
ZYDUSLIFE,ZYDUSLIFE.NS
MADRASFERT,MADRASFERT.NS
DIXON,DIXON.NS
DATAPATTNS,DATAPATTNS.NS
ELECTCAST,ELECTCAST.NS
VLEGOV,VLEGOV.NS
RELINFRA,RELINFRA.NS
KARURVYSYA,KARURVYSYA.NS
BAGFILMS,BAGFILMS.NS
ABSMARINE,ABSMARINE.NS
ADVANIHOTR,ADVANIHOTR.NS
BALRAMCHIN,BALRAMCHIN.NS
SHALBY,SHALBY.NS
TRU,TRU.NS
JWL,JWL.NS
MAHSCOOTER,MAHSCOOTER.NS
FAZE3Q,FAZE3Q.NS
PFOCUS,PFOCUS.NS
ALOKINDS,ALOKINDS.NS
ABAN,ABAN.NS
UGROCAP,UGROCAP.NS
MHRIL,MHRIL.NS
BROOKS,BROOKS.NS
MASFIN,MASFIN.NS
LOVABLE,LOVABLE.NS
SMLISUZU,SMLISUZU.NS
LATTEYS,LATTEYS.NS
LTF,LTF.NS
SUPREMEINF,SUPREMEINF.NS
JAYBARMARU,JAYBARMARU.NS
TAJGVK,TAJGVK.NS
JTLIND,JTLIND.NS
RSSOFTWARE,RSSOFTWARE.NS
PRITIKAUTO,PRITIKAUTO.NS
NIRMAN,NIRMAN.NS
CLSEL,CLSEL.NS
EICHERMOT,EICHERMOT.NS
VISHWARAJ,VISHWARAJ.NS
ONGC,ONGC.NS
FIRSTCRY,FIRSTCRY.NS
MARUTI,MARUTI.NS
SBGLP,SBGLP.NS
HUDCO,HUDCO.NS
DHARMAJ,DHARMAJ.NS
IDFCFIRSTB,IDFCFIRSTB.NS
KANORICHEM,KANORICHEM.NS
CYIENTDLM,CYIENTDLM.NS
BLKASHYAP,BLKASHYAP.NS
UNICHEMLAB,UNICHEMLAB.NS
TARSONS,TARSONS.NS
COCHINSHIP,COCHINSHIP.NS
OSWALAGRO,OSWALAGRO.NS
APOLSINHOT,APOLSINHOT.NS
NRBBEARING,NRBBEARING.NS
REPRO,REPRO.NS
KMSUGAR,KMSUGAR.NS
PEL,PEL.NS
MANAKSIA,MANAKSIA.NS
HECPROJECT,HECPROJECT.NS
CINELINE,CINELINE.NS
REDTAPE,REDTAPE.NS
DEN,DEN.NS
KAKATCEM,KAKATCEM.NS
SOLEX,SOLEX.NS
ASKAUTOLTD,ASKAUTOLTD.NS
FSC,FSC.NS
INDIANB,INDIANB.NS
AARTIPHARM,AARTIPHARM.NS
EFFWA,EFFWA.NS
PDSL,PDSL.NS
KOKUYOCMLN,KOKUYOCMLN.NS
HEG,HEG.NS
ACI,ACI.NS
ONELIFECAP,ONELIFECAP.NS
ACCELYA,ACCELYA.NS
IDEA,IDEA.NS
FDC,FDC.NS
PRICOLLTD,PRICOLLTD.NS
EMMBI,EMMBI.NS
NAGAFERT,NAGAFERT.NS
MODISONLTD,MODISONLTD.NS
AVTNPL,AVTNPL.NS
VINATIORGA,VINATIORGA.NS
SCHAND,SCHAND.NS
JMFINANCIL,JMFINANCIL.NS
INDIANCARD,INDIANCARD.NS
LORDSCHLO,LORDSCHLO.NS
RATNAMANI,RATNAMANI.NS
ANTGRAPHIC,ANTGRAPHIC.NS
MODIRUBBER,MODIRUBBER.NS
STEELXIND,STEELXIND.NS
MANAKALUCO,MANAKALUCO.NS
OAL,OAL.NS
PAYTM,PAYTM.NS
CENTRUM,CENTRUM.NS
CONFIPET,CONFIPET.NS
GLS,GLS.NS
SIRCA,SIRCA.NS
NOCIL,NOCIL.NS
LAMBODHARA,LAMBODHARA.NS
VETO,VETO.NS
SHREYANIND,SHREYANIND.NS
AUBANK,AUBANK.NS
KIRLOSIND,KIRLOSIND.NS
AYMSYNTEX,AYMSYNTEX.NS
LLOYDSME,LLOYDSME.NS
CYBERMEDIA,CYBERMEDIA.NS
TATAMOTORS,TATAMOTORS.NS
MANOMAY,MANOMAY.NS
GUFICBIO,GUFICBIO.NS
TASTYBITE,TASTYBITE.NS
KCEIL,KCEIL.NS
EKC,EKC.NS
MOIL,MOIL.NS
RUSTOMJEE,RUSTOMJEE.NS
LAGNAM,LAGNAM.NS
ENERGYDEV,ENERGYDEV.NS
RAMCOIND,RAMCOIND.NS
AARON,AARON.NS
CREATIVE,CREATIVE.NS
CAPTRUST,CAPTRUST.NS
VASWANI,VASWANI.NS
NMDC,NMDC.NS
STYLAMIND,STYLAMIND.NS
ASIANTILES,ASIANTILES.NS
GRPLTD,GRPLTD.NS
CAREERP,CAREERP.NS
APLAPOLLO,APLAPOLLO.NS
FINEORG,FINEORG.NS
SINCLAIR,SINCLAIR.NS
HINDCOPPER,HINDCOPPER.NS
NITCO,NITCO.NS
GANESHHOUC,GANESHHOUC.NS
AMNPLST,AMNPLST.NS
STEELCAS,STEELCAS.NS
VHL,VHL.NS
VPRPL,VPRPL.NS
NDRAUTO,NDRAUTO.NS
JGCHEM,JGCHEM.NS
UFO,UFO.NS
LTIM,LTIM.NS
KESORAMIND,KESORAMIND.NS
TTKPRESTIG,TTKPRESTIG.NS
KRISHANA,KRISHANA.NS
CENTEXT,CENTEXT.NS
SMLT,SMLT.NS
TFCILTD,TFCILTD.NS
DREDGECORP,DREDGECORP.NS
GREENPANEL,GREENPANEL.NS
MAHLOG,MAHLOG.NS
BHINVIT,BHINVIT.NS
SSFL,SSFL.NS
ROLEXRINGS,ROLEXRINGS.NS
UNIINFO,UNIINFO.NS
JBCHEPHARM,JBCHEPHARM.NS
OMAXAUTO,OMAXAUTO.NS
OFSS,OFSS.NS
ROTO,ROTO.NS
SUVENPHAR,SUVENPHAR.NS
JSWHL,JSWHL.NS
BLS,BLS.NS
RBL,RBL.NS
AIRAN,AIRAN.NS
SHAILY,SHAILY.NS
AAATECH,AAATECH.NS
EVERESTIND,EVERESTIND.NS
PRESTIGE,PRESTIGE.NS
INCREDIBLE,INCREDIBLE.NS
COASTCORP,COASTCORP.NS
TOTAL,TOTAL.NS
SHIVATEX,SHIVATEX.NS
MOTOGENFIN,MOTOGENFIN.NS
BORORENEW,BORORENEW.NS
CHEVIOT,CHEVIOT.NS
GROBTEA,GROBTEA.NS
MAANALU,MAANALU.NS
GANGAFORGE,GANGAFORGE.NS
SAMPANN,SAMPANN.NS
KSHITIJPOL,KSHITIJPOL.NS
KAYA,KAYA.NS
TARMAT,TARMAT.NS
AKG,AKG.NS
AJMERA,AJMERA.NS
SYMPHONY,SYMPHONY.NS
ZODIACLOTH,ZODIACLOTH.NS
HNDFDS,HNDFDS.NS
MGEL,MGEL.NS
RAJINDLTD,RAJINDLTD.NS
TVSELECT,TVSELECT.NS
SLONE,SLONE.NS
BRNL,BRNL.NS
LASA,LASA.NS
SRPL,SRPL.NS
NIBL,NIBL.NS
ANIKINDS,ANIKINDS.NS
RANASUG,RANASUG.NS
MAHASTEEL,MAHASTEEL.NS
GLOBUSSPR,GLOBUSSPR.NS
HEADSUP,HEADSUP.NS
OIL,OIL.NS
QUICKTOUCH,QUICKTOUCH.NS
MAGNUM,MAGNUM.NS
SATECH,SATECH.NS
NAHARPOLY,NAHARPOLY.NS
EDUCOMP,EDUCOMP.NS
SURANI,SURANI.NS
JETFREIGHT,JETFREIGHT.NS
BALPHARMA,BALPHARMA.NS
ANSALAPI,ANSALAPI.NS
NAVNETEDUL,NAVNETEDUL.NS
NATHBIOGEN,NATHBIOGEN.NS
ARSSINFRA,ARSSINFRA.NS
TIMESCAN,TIMESCAN.NS
SUNLITE,SUNLITE.NS
WEIZMANIND,WEIZMANIND.NS
LGHL,LGHL.NS
MEP,MEP.NS
ASIANHOTNR,ASIANHOTNR.NS
KERNEX,KERNEX.NS
MINDTECK,MINDTECK.NS
FELDVR,FELDVR.NS
BRIGHT,BRIGHT.NS
GLOBALE,GLOBALE.NS
BALCO,BALCO.NS
GSTL,GSTL.NS
FORCAS,FORCAS.NS
BRACEPORT,BRACEPORT.NS
RKEC,RKEC.NS
QVCEL,QVCEL.NS
VMARCIND,VMARCIND.NS
ARSHIYA,ARSHIYA.NS
HYBRIDFIN,HYBRIDFIN.NS
ROLTA,ROLTA.NS
OMKARCHEM,OMKARCHEM.NS
HDIL,HDIL.NS
SKIL,SKIL.NS
MADHUCON,MADHUCON.NS
JPASSOCIAT,JPASSOCIAT.NS
ORTEL,ORTEL.NS
LYPSAGEMS,LYPSAGEMS.NS
VINNY,VINNY.NS
GSPL,GSPL.NS
RCOM,RCOM.NS
ANKITMETAL,ANKITMETAL.NS
PREMIER,PREMIER.NS
RHFL,RHFL.NS
GATECH,GATECH.NS
GATECHDVR,GATECHDVR.NS
VCL,VCL.NS
GOENKA,GOENKA.NS
INSECTICID,INSECTICID.NS
KHFM,KHFM.NS
PULZ,PULZ.NS
ATAL-RE,ATAL-RE.NS
